member_casual,avg_length_seconds
casual,1396.6206794556779
member,728.8439423566955
